,Age,Yearly brutto salary (without bonus and stocks) in EUR,Annual brutto salary (without bonus and stocks) one year ago. Only answer if staying in the same country,"Have you been forced to have a shorter working week (Kurzarbeit)? If yes, how many hours per week"
0,26.0,80000.0,75000.0,12.967828418230564
1,26.0,80000.0,82000.0,12.967828418230564
2,29.0,120000.0,100000.0,12.967828418230564
3,28.0,54000.0,,12.967828418230564
4,37.0,62000.0,62000.0,12.967828418230564
5,32.0,76000.0,76000.0,12.967828418230564
6,37.0,57000.0,,12.967828418230564
7,24.0,65000.0,65000.0,0.0
8,29.0,56000.0,55000.0,30.0
9,35.0,95000.0,90000.0,0.0
10,32.0,52500.0,52500.0,12.967828418230564
11,32.0,100000.0,80000.0,12.967828418230564
12,32.0,90000.0,,12.967828418230564
13,34.0,70000.0,,0.0
14,28.0,75000.0,66000.0,12.967828418230564
15,31.0,75000.0,75000.0,12.967828418230564
16,29.0,60350.0,58000.0,0.0
17,41.0,78000.0,100000.0,12.967828418230564
18,27.0,60000.0,55000.0,12.967828418230564
19,34.0,80000.0,75000.0,12.967828418230564
20,34.0,103000.0,90000.0,12.967828418230564
21,34.0,100000.0,92000.0,12.967828418230564
22,25.0,65000.0,,12.967828418230564
24,36.0,70000.0,65000.0,12.967828418230564
25,38.0,80000.0,80000.0,12.967828418230564
26,24.0,75000.0,63000.0,12.967828418230564
27,37.0,47400.0,44000.0,12.967828418230564
28,32.0,67000.0,65000.0,12.967828418230564
29,40.0,70000.0,,0.0
30,29.0,85000.0,78000.0,12.967828418230564
31,31.0,65000.0,,12.967828418230564
32,29.0,45000.0,,12.967828418230564
33,39.0,80000.0,80000.0,30.0
34,27.0,63000.0,,12.967828418230564
35,33.0,150000.0,81000.0,0.0
36,28.0,45000.0,37000.0,12.967828418230564
37,30.0,80000.0,72000.0,0.0
38,28.0,75000.0,58000.0,0.0
39,38.0,70000.0,65000.0,0.0
40,29.0,72000.0,63000.0,12.967828418230564
41,49.0,67000.0,66000.0,12.967828418230564
42,32.0,105000.0,80000.0,12.967828418230564
43,33.0,88000.0,96000.0,12.967828418230564
44,30.0,74000.0,54000.0,12.967828418230564
45,48.0,75000.0,75000.0,12.967828418230564
46,28.0,60000.0,,12.967828418230564
47,32.0,77000.0,62000.0,12.967828418230564
48,38.0,70000.0,63000.0,0.0
49,31.0,76000.0,69000.0,12.967828418230564
50,35.0,75000.0,72000.0,0.0
51,28.0,45000.0,37000.0,12.967828418230564
52,29.0,60000.0,52000.0,12.967828418230564
53,32.0,65000.0,60000.0,0.0
54,44.0,68000.0,68000.0,12.967828418230564
55,32.0,75000.0,,0.0
56,35.0,65000.0,65000.0,12.967828418230564
57,33.0,90000.0,78000.0,12.967828418230564
58,29.0,75000.0,58000.0,12.967828418230564
60,39.0,70500.0,68000.0,12.967828418230564
61,28.0,72000.0,56000.0,12.967828418230564
62,34.0,73500.0,70000.0,12.967828418230564
63,34.0,72000.0,60000.0,32.0
64,32.0,62000.0,60000.0,12.967828418230564
65,38.0,83000.0,,12.967828418230564
66,32.0,110000.0,85000.0,12.967828418230564
67,45.0,93000.0,93000.0,12.967828418230564
68,48.0,110000.0,,12.967828418230564
69,28.0,55000.0,42000.0,24.0
70,29.0,53000.0,53000.0,20.0
71,36.0,55000.0,55000.0,12.967828418230564
72,39.0,75000.0,65000.0,12.967828418230564
73,29.0,80000.0,72000.0,12.967828418230564
74,31.0,80000.0,79000.0,40.0
75,30.0,55000.0,,12.967828418230564
76,30.0,70200.0,63000.0,12.967828418230564
77,33.0,50000.0,,12.967828418230564
78,27.0,78000.0,70000.0,12.967828418230564
79,26.0,60000.0,60000.0,12.967828418230564
80,26.0,85000.0,75000.0,12.967828418230564
81,31.0,60000.0,50000.0,12.967828418230564
82,30.0,72000.0,70000.0,12.967828418230564
83,38.0,68500.0,62400.0,12.967828418230564
84,43.0,72000.0,68000.0,12.967828418230564
85,33.0,65000.0,65000.0,0.0
86,31.0,60000.0,,12.967828418230564
87,32.0,61000.0,55000.0,12.967828418230564
88,24.0,73000.0,50000.0,0.0
89,29.0,78000.0,70000.0,12.967828418230564
90,29.0,81000.0,72000.0,12.967828418230564
91,30.0,75000.0,73000.0,12.967828418230564
92,35.0,55000.0,45000.0,12.967828418230564
93,27.0,50000.0,,12.967828418230564
94,32.0,55000.0,,12.967828418230564
95,33.0,60000.0,,12.967828418230564
96,28.0,80000.0,72000.0,12.967828418230564
97,31.0,80000.0,80000.0,12.967828418230564
98,32.0,60000.0,60000.0,40.0
99,30.0,80000.0,60000.0,12.967828418230564
100,26.0,78000.0,61000.0,12.967828418230564
101,31.0,68000.0,68000.0,12.967828418230564
102,38.0,62000.0,62000.0,12.967828418230564
103,37.0,55000.0,55000.0,12.967828418230564
104,25.0,62000.0,55000.0,12.967828418230564
105,36.0,72000.0,72000.0,12.967828418230564
106,27.0,58000.0,58000.0,12.967828418230564
107,35.0,120000.0,90000.0,0.0
108,37.0,75000.0,72500.0,12.967828418230564
109,26.0,65000.0,52000.0,12.967828418230564
110,33.0,85000.0,78000.0,12.967828418230564
111,34.0,65000.0,,12.967828418230564
112,33.0,65000.0,60000.0,0.0
113,32.0,50000.0,45000.0,0.0
114,29.0,72000.0,,12.967828418230564
115,24.0,79000.0,77000.0,12.967828418230564
116,28.0,65000.0,42000.0,12.967828418230564
117,30.0,75000.0,65000.0,12.967828418230564
118,28.0,60000.0,,12.967828418230564
119,31.0,80000.0,80000.0,12.967828418230564
120,28.0,57000.0,70000.0,12.967828418230564
121,32.0,49000.0,,12.967828418230564
122,28.0,65000.0,60000.0,12.967828418230564
123,26.0,70000.0,,12.967828418230564
124,33.0,63000.0,60000.0,12.967828418230564
125,41.0,72000.0,60000.0,12.967828418230564
126,31.0,60000.0,,12.967828418230564
127,30.0,75000.0,,0.0
128,31.0,70000.0,,12.967828418230564
129,37.0,62000.0,60000.0,32.0
130,30.0,78000.0,75000.0,30.0
131,34.0,120000.0,110000.0,12.967828418230564
132,25.0,75000.0,,12.967828418230564
133,36.0,69000.0,69000.0,12.967828418230564
134,40.0,54000.0,54000.0,10.0
135,37.0,62000.0,58000.0,12.967828418230564
136,35.0,80000.0,77000.0,30.0
137,42.0,80000.0,72000.0,12.967828418230564
138,34.0,75000.0,65000.0,12.967828418230564
139,30.0,75000.0,65000.0,12.967828418230564
140,35.0,70000.0,,12.967828418230564
141,34.0,120000.0,70000.0,0.0
142,35.0,70000.0,65000.0,12.967828418230564
143,35.0,44000.0,,12.967828418230564
144,28.0,80000.0,,12.967828418230564
145,26.0,48000.0,,12.967828418230564
146,35.0,50000.0,,12.967828418230564
147,31.0,68000.0,58000.0,40.0
148,35.0,66000.0,66000.0,12.967828418230564
149,28.0,51000.0,,12.967828418230564
150,25.0,60000.0,60000.0,12.967828418230564
151,42.0,55000.0,,12.967828418230564
152,30.0,150000.0,,12.967828418230564
153,40.0,54000.0,54000.0,12.967828418230564
154,36.0,62000.0,36000.0,12.967828418230564
155,37.0,60000.0,,12.967828418230564
156,33.0,75000.0,68000.0,12.967828418230564
157,38.0,55000.0,55000.0,12.967828418230564
158,27.0,60000.0,,12.967828418230564
159,33.0,62000.0,52000.0,0.0
160,34.0,77500.0,67000.0,12.967828418230564
161,36.0,60000.0,,12.967828418230564
162,42.0,70000.0,,12.967828418230564
163,32.0,68500.0,68500.0,12.967828418230564
164,31.0,71060.0,67500.0,12.967828418230564
165,33.0,60000.0,,12.967828418230564
166,40.0,100000.0,,12.967828418230564
167,28.0,28000.0,,12.967828418230564
168,28.0,70000.0,57000.0,12.967828418230564
169,46.0,82000.0,78000.0,24.0
170,31.0,90000.0,80000.0,12.967828418230564
171,28.0,70800.0,,0.0
172,29.0,55000.0,,20.0
173,40.0,85000.0,72000.0,0.0
174,46.0,70000.0,70000.0,12.967828418230564
175,33.0,66000.0,61000.0,0.0
176,33.0,62000.0,60000.0,20.0
177,34.0,95000.0,90000.0,12.967828418230564
178,36.0,65000.0,60000.0,34.0
179,33.0,50000.0,42000.0,20.0
180,32.0,80000.0,80000.0,12.967828418230564
181,46.0,80000.0,63000.0,20.0
182,30.0,66000.0,,0.0
183,36.0,89200.0,,12.967828418230564
184,35.0,90000.0,,12.967828418230564
185,47.0,75000.0,,12.967828418230564
186,31.0,115000.0,115000.0,12.967828418230564
187,46.0,85000.0,88000.0,38.0
188,26.0,70000.0,65000.0,12.967828418230564
189,31.0,45000.0,,12.967828418230564
190,31.0,85000.0,75000.0,12.967828418230564
191,30.0,50000.0,50000.0,12.967828418230564
192,35.0,140000.0,132000.0,12.967828418230564
193,33.0,120000.0,65000.0,12.967828418230564
194,36.0,42000.0,42000.0,32.0
195,36.0,105000.0,105000.0,0.0
196,40.0,77000.0,,12.967828418230564
197,38.0,68000.0,65000.0,0.0
198,35.0,76000.0,,24.0
199,32.0,70000.0,68000.0,12.967828418230564
200,29.0,70000.0,70000.0,32.0
201,30.0,63000.0,57600.0,12.967828418230564
202,35.0,96000.0,80000.0,12.967828418230564
203,29.0,64000.0,60000.0,12.967828418230564
204,32.0,60000.0,54000.0,0.0
205,30.0,65000.0,65000.0,12.967828418230564
206,25.0,61500.0,,12.967828418230564
207,43.0,79000.0,80000.0,12.967828418230564
208,38.0,65000.0,65000.0,12.967828418230564
209,26.0,63000.0,56500.0,12.967828418230564
210,25.0,62000.0,,0.0
211,34.0,95000.0,85000.0,12.967828418230564
212,34.0,60000.0,,12.967828418230564
213,27.0,65000.0,,12.967828418230564
214,30.0,58000.0,52000.0,0.0
215,34.0,65000.0,60000.0,12.967828418230564
216,36.0,69000.0,63000.0,12.967828418230564
217,27.0,65000.0,,12.967828418230564
218,45.0,77000.0,66000.0,12.967828418230564
219,35.0,74000.0,,32.0
220,36.0,80000.0,,12.967828418230564
221,32.0,60000.0,67000.0,40.0
222,33.0,70000.0,,12.967828418230564
223,30.0,56000.0,,12.967828418230564
224,35.0,70000.0,,12.967828418230564
225,24.0,48000.0,48000.0,40.0
226,25.0,60000.0,50000.0,12.967828418230564
227,29.0,65000.0,52000.0,12.967828418230564
228,32.0,100000.0,,12.967828418230564
229,32.0,60000.0,47000.0,12.967828418230564
230,24.0,58000.0,,12.967828418230564
231,24.0,55200.0,,20.0
234,25.0,65000.0,,12.967828418230564
235,32.0,95000.0,,12.967828418230564
236,28.0,67200.0,,12.967828418230564
237,32.0,72000.0,,12.967828418230564
238,30.0,100000.0,97000.0,12.967828418230564
239,26.0,65000.0,56000.0,12.967828418230564
240,31.0,65000.0,62000.0,35.0
241,31.0,92500.0,,12.967828418230564
242,29.0,54000.0,,20.0
243,33.0,100000.0,98000.0,12.967828418230564
244,26.0,58000.0,55000.0,12.967828418230564
245,30.0,70000.0,70000.0,12.967828418230564
246,34.0,72000.0,65000.0,30.0
247,37.0,90000.0,85000.0,12.967828418230564
248,38.0,99000.0,,12.967828418230564
249,28.0,61200.0,53300.0,12.967828418230564
250,35.0,80000.0,53000.0,0.0
251,31.0,60000.0,67500.0,12.967828418230564
252,29.0,45000.0,,12.967828418230564
253,39.0,56000.0,53000.0,36.0
254,31.0,32000.0,21800.0,0.0
255,39.0,108000.0,108000.0,0.0
256,29.0,95000.0,74000.0,12.967828418230564
257,36.0,37500.0,,0.0
258,33.0,67000.0,66000.0,12.967828418230564
259,35.0,100000.0,,12.967828418230564
260,31.0,81000.0,80600.0,12.967828418230564
261,38.0,35000.0,,12.967828418230564
262,37.0,72000.0,62000.0,0.0
263,34.0,72000.0,72000.0,30.0
264,30.0,42000.0,36000.0,12.967828418230564
265,34.0,95000.0,85000.0,12.967828418230564
266,33.0,67000.0,65000.0,0.0
267,43.0,64000.0,63000.0,0.0
268,32.0,52000.0,48000.0,12.967828418230564
269,34.0,60000.0,52000.0,12.967828418230564
270,29.0,85000.0,66000.0,12.967828418230564
271,37.0,84000.0,82000.0,0.0
272,41.0,123600.0,120000.0,12.967828418230564
273,33.0,49000.0,48000.0,24.0
274,33.0,57000.0,54000.0,12.967828418230564
275,40.0,78000.0,76000.0,0.0
276,38.0,70000.0,68000.0,0.0
277,29.0,57000.0,57000.0,12.967828418230564
278,27.0,72000.0,,12.967828418230564
279,39.0,120000.0,120000.0,12.967828418230564
280,33.0,26400.0,,12.967828418230564
281,28.0,68000.0,,12.967828418230564
282,33.0,58000.0,55000.0,12.967828418230564
283,38.0,92000.0,85000.0,20.0
284,42.0,80000.0,66000.0,0.0
285,45.0,55000.0,,12.967828418230564
286,38.0,73000.0,72000.0,12.967828418230564
287,29.0,62000.0,55000.0,12.967828418230564
288,30.0,55000.0,55000.0,12.967828418230564
289,32.0,90000.0,75000.0,0.0
290,41.0,80000.0,78000.0,0.0
291,34.0,85000.0,72000.0,12.967828418230564
292,45.0,75000.0,73000.0,12.967828418230564
293,34.0,62000.0,54000.0,12.967828418230564
294,25.0,60000.0,,12.967828418230564
295,32.0,66800.0,65000.0,20.0
297,33.0,70000.0,70000.0,12.967828418230564
298,34.0,90000.0,80000.0,12.967828418230564
299,28.0,70000.0,,12.967828418230564
300,32.0,68000.0,48000.0,12.967828418230564
301,39.0,64000.0,,12.967828418230564
302,30.0,72000.0,66000.0,0.0
303,34.0,70000.0,,12.967828418230564
304,35.0,63500.0,60000.0,12.967828418230564
305,35.0,70000.0,70000.0,12.967828418230564
306,34.0,68000.0,68000.0,30.0
307,34.0,78000.0,64000.0,0.0
308,35.0,75000.0,,12.967828418230564
309,38.0,89570.0,82240.0,0.0
310,34.0,78000.0,65000.0,12.967828418230564
311,31.0,80000.0,72500.0,20.0
312,34.0,70000.0,65000.0,12.967828418230564
313,29.0,67000.0,65000.0,12.967828418230564
314,37.0,85000.0,100000.0,12.967828418230564
315,44.0,76000.0,76000.0,12.967828418230564
316,30.0,66000.0,64000.0,12.967828418230564
317,26.0,65000.0,55000.0,12.967828418230564
318,33.0,130000.0,,12.967828418230564
319,46.0,80000.0,63000.0,20.0
320,33.0,68000.0,68000.0,12.967828418230564
321,27.0,46000.0,43000.0,40.0
322,38.0,56400.0,56400.0,12.967828418230564
323,32.0,81200.0,,28.0
324,36.0,70000.0,55000.0,12.967828418230564
325,26.0,65000.0,,12.967828418230564
326,29.0,75000.0,70000.0,0.0
327,32.0,60000.0,,0.0
328,29.0,55000.0,55000.0,12.967828418230564
329,33.0,75000.0,70000.0,12.967828418230564
330,32.0,54000.0,54000.0,12.967828418230564
331,32.0,76000.0,,12.967828418230564
332,34.0,76000.0,73000.0,12.967828418230564
333,31.0,20000.0,17000.0,12.967828418230564
334,29.0,80000.0,,12.967828418230564
335,33.0,78000.0,65000.0,12.967828418230564
336,32.0,65000.0,,12.967828418230564
337,47.0,46000.0,46000.0,12.967828418230564
338,29.0,65000.0,60000.0,12.967828418230564
339,28.0,67000.0,44000.0,12.967828418230564
340,32.0,61000.0,60000.0,12.967828418230564
341,25.0,48000.0,43200.0,12.967828418230564
342,32.0,70800.0,,35.0
343,45.0,70000.0,65000.0,12.967828418230564
344,26.0,48000.0,,12.967828418230564
345,29.0,65400.0,,0.0
346,40.0,60000.0,60000.0,34.0
347,27.0,71000.0,66000.0,12.967828418230564
348,27.0,65000.0,65000.0,12.967828418230564
349,38.0,44000.0,42000.0,20.0
350,22.0,27000.0,,12.967828418230564
351,30.0,90000.0,80000.0,12.967828418230564
352,30.0,60000.0,,12.967828418230564
353,29.0,73000.0,59000.0,12.967828418230564
354,37.0,67500.0,65000.0,12.967828418230564
355,28.0,66000.0,66000.0,0.0
356,28.0,80000.0,,12.967828418230564
357,26.0,55000.0,52000.0,32.0
358,28.0,55000.0,42000.0,0.0
359,33.0,75000.0,68000.0,12.967828418230564
360,25.0,60000.0,,12.967828418230564
361,38.0,54500.0,54500.0,12.967828418230564
362,40.0,72000.0,45000.0,12.967828418230564
363,28.0,60000.0,,20.0
364,29.0,85000.0,85000.0,12.967828418230564
365,32.0,75000.0,,20.0
366,24.0,10164.0,,12.967828418230564
367,30.0,65000.0,,12.967828418230564
368,31.0,75000.0,,12.967828418230564
369,44.0,78500.0,78500.0,12.967828418230564
370,35.0,56000.0,54000.0,0.0
371,41.0,68000.0,61500.0,0.0
372,32.0,83000.0,75000.0,0.0
373,28.0,53000.0,,12.967828418230564
374,32.0,65000.0,70400.0,39.0
375,33.0,65000.0,,12.967828418230564
376,46.0,68500.0,60000.0,12.967828418230564
377,27.0,45000.0,,30.0
378,30.0,12000.0,,12.967828418230564
379,32.0,72000.0,60000.0,0.0
380,34.0,80000.0,76000.0,12.967828418230564
381,33.0,68000.0,,12.967828418230564
382,26.0,24000.0,20000.0,0.0
383,41.0,95500.0,94000.0,12.967828418230564
384,35.0,72000.0,70000.0,12.967828418230564
385,26.0,72000.0,,12.967828418230564
386,27.0,65000.0,,12.967828418230564
387,24.0,77600.0,72000.0,40.0
388,35.0,95000.0,90000.0,0.0
389,31.0,50400.0,50000.0,12.967828418230564
390,25.0,80000.0,,12.967828418230564
391,30.0,13000.0,,12.967828418230564
392,37.0,130000.0,125000.0,12.967828418230564
393,30.0,14712.0,14712.0,40.0
394,33.0,70000.0,65000.0,12.967828418230564
395,35.0,74400.0,,32.0
396,37.0,70000.0,60000.0,12.967828418230564
397,36.0,82000.0,78000.0,12.967828418230564
398,32.0,85000.0,76000.0,12.967828418230564
399,38.0,80000.0,70000.0,32.0
400,23.0,70500.0,58000.0,12.967828418230564
401,39.0,75000.0,75000.0,12.967828418230564
402,27.0,58000.0,55000.0,12.967828418230564
403,50.0,28800.0,28800.0,0.0
404,35.0,53000.0,,12.967828418230564
405,40.0,89000.0,,12.967828418230564
406,35.0,66000.0,53000.0,37.5
407,29.0,80000.0,,12.967828418230564
408,30.0,75000.0,60000.0,0.0
409,24.0,44000.0,44000.0,0.0
410,28.0,75000.0,,12.967828418230564
411,28.0,60000.0,45000.0,0.0
412,37.0,70000.0,,12.967828418230564
413,37.0,76900.0,70000.0,12.967828418230564
414,33.0,85000.0,70000.0,12.967828418230564
415,30.0,27000.0,27000.0,40.0
416,30.0,55000.0,,12.967828418230564
417,31.0,95000.0,89000.0,0.0
418,32.0,56000.0,56000.0,12.967828418230564
419,28.0,60000.0,55000.0,12.967828418230564
420,31.0,58000.0,26000.0,0.0
421,34.0,72000.0,65000.0,12.967828418230564
422,24.0,46000.0,42000.0,0.0
423,39.0,70000.0,70000.0,0.0
424,42.0,75000.0,75000.0,40.0
425,26.0,105000.0,85000.0,12.967828418230564
426,31.0,50000.0,,12.967828418230564
427,32.0,63000.0,55000.0,12.967828418230564
428,30.0,52000.0,,12.967828418230564
429,23.0,65000.0,,12.967828418230564
430,27.0,60000.0,,32.0
431,27.0,62000.0,40000.0,12.967828418230564
432,27.0,90000.0,75000.0,36.0
433,29.0,69000.0,,30.0
434,32.0,88000.0,86000.0,12.967828418230564
435,31.0,81000.0,75000.0,30.0
436,29.0,18700.0,16000.0,0.0
437,26.0,60000.0,,0.0
438,29.0,56000.0,,12.967828418230564
439,30.0,55000.0,,20.0
440,38.0,70000.0,70000.0,0.0
441,32.0,200000.0,,12.967828418230564
442,25.0,100000.0,73000.0,0.0
443,24.0,48000.0,,12.967828418230564
444,24.0,30000.0,28800.0,12.967828418230564
445,27.0,21120.0,16560.0,12.967828418230564
446,34.0,67500.0,61400.0,12.967828418230564
447,30.0,48000.0,41000.0,12.967828418230564
448,27.0,64000.0,50000.0,12.967828418230564
449,46.0,90000.0,76000.0,40.0
450,48.0,68500.0,,8.0
451,42.0,47500.0,39000.0,10.0
452,40.0,57000.0,54000.0,12.967828418230564
453,23.0,45600.0,,12.967828418230564
454,33.0,90000.0,78000.0,8.0
455,30.0,50000.0,18000.0,12.967828418230564
456,40.0,75000.0,72000.0,12.967828418230564
457,38.0,62000.0,,12.967828418230564
458,28.0,45000.0,30000.0,12.967828418230564
459,38.0,83000.0,80000.0,0.0
460,32.0,66300.0,65000.0,12.967828418230564
461,33.0,65000.0,54000.0,30.0
462,34.0,85000.0,,12.967828418230564
463,35.0,60000.0,60000.0,12.967828418230564
464,37.0,60000.0,60000.0,12.967828418230564
465,40.0,95000.0,,0.0
466,33.0,100000.0,84000.0,32.0
467,36.0,79300.0,73000.0,0.0
468,31.0,60000.0,,12.967828418230564
469,27.0,48000.0,45000.0,12.967828418230564
470,28.0,60000.0,60000.0,40.0
471,23.0,34000.0,,12.967828418230564
472,31.0,57000.0,55000.0,0.0
473,32.0,99999999999.0,,12.967828418230564
474,34.0,54000.0,,0.0
475,34.0,60000.0,55000.0,12.967828418230564
476,29.0,65000.0,65000.0,32.0
477,38.0,80000.0,78000.0,12.967828418230564
478,25.0,60000.0,,12.967828418230564
479,28.0,66000.0,,12.967828418230564
480,23.0,60000.0,52000.0,12.967828418230564
481,30.0,75000.0,75000.0,12.967828418230564
482,32.0,85000.0,78000.0,12.967828418230564
483,28.0,47000.0,46000.0,12.967828418230564
484,31.0,62000.0,50000.0,0.0
485,29.0,56000.0,54000.0,15.0
486,40.0,50000.0,40000.0,12.967828418230564
487,42.0,75000.0,73000.0,12.967828418230564
488,40.0,90000.0,75000.0,12.967828418230564
489,27.0,82000.0,94000.0,12.967828418230564
490,29.0,75000.0,66000.0,0.0
491,37.0,156000.0,156000.0,12.967828418230564
492,23.0,53000.0,,12.967828418230564
493,35.0,77000.0,69300.0,12.967828418230564
494,39.0,180000.0,130000.0,0.0
495,33.0,55000.0,,12.967828418230564
496,31.0,82000.0,,12.967828418230564
497,38.0,100000.0,80000.0,25.0
498,31.0,70000.0,65000.0,12.967828418230564
499,24.0,57600.0,48000.0,0.0
500,26.0,47000.0,,40.0
501,30.0,70000.0,70000.0,12.967828418230564
502,33.0,100000.0,100000.0,0.0
503,33.0,65000.0,,32.0
504,31.0,80000.0,64000.0,0.0
505,33.0,54000.0,54000.0,12.967828418230564
506,43.0,72000.0,63000.0,0.0
507,36.0,78000.0,70000.0,12.967828418230564
508,33.0,60000.0,60000.0,12.967828418230564
509,36.0,60000.0,58000.0,12.967828418230564
510,27.0,50000.0,50000.0,32.0
511,33.0,120000.0,104000.0,0.0
512,33.0,62000.0,50000.0,12.967828418230564
513,40.0,60000.0,60000.0,12.967828418230564
514,24.0,58000.0,,12.967828418230564
515,40.0,81000.0,81000.0,0.0
516,37.0,70000.0,60000.0,12.967828418230564
517,35.0,80000.0,,0.0
518,39.0,70000.0,65000.0,32.0
519,25.0,63700.0,60000.0,12.967828418230564
520,27.0,65000.0,,12.967828418230564
521,30.0,30000.0,,12.967828418230564
522,28.0,70000.0,70000.0,12.967828418230564
523,36.0,48000.0,40000.0,12.967828418230564
524,29.0,66000.0,60000.0,12.967828418230564
525,37.0,67000.0,,12.967828418230564
526,34.0,70000.0,,12.967828418230564
527,28.0,65000.0,56000.0,12.967828418230564
528,39.0,122000.0,118000.0,12.967828418230564
529,32.0,150000.0,,12.967828418230564
530,32.0,40800.0,,30.0
531,32.0,58000.0,,12.967828418230564
532,37.0,69200.0,67100.0,12.967828418230564
533,32.0,72000.0,65000.0,0.0
534,28.0,57000.0,45000.0,12.967828418230564
535,35.0,84000.0,79000.0,36.0
536,26.0,59000.0,55000.0,12.967828418230564
537,32.0,68000.0,,12.967828418230564
538,29.0,68000.0,55000.0,28.0
539,36.0,88000.0,80000.0,12.967828418230564
540,26.0,71000.0,65000.0,24.0
541,28.0,65000.0,60000.0,12.967828418230564
542,36.0,50000.0,,12.967828418230564
543,40.0,160000.0,160000.0,12.967828418230564
544,29.0,37500.0,35000.0,12.967828418230564
545,32.0,65000.0,65000.0,25.0
546,28.0,56000.0,52000.0,12.967828418230564
547,27.0,80000.0,75000.0,20.0
548,33.0,83000.0,80000.0,12.967828418230564
549,34.0,76500.0,72000.0,0.0
550,31.0,60000.0,55000.0,0.0
551,31.0,79000.0,67000.0,12.967828418230564
552,31.0,90000.0,90000.0,12.967828418230564
553,27.0,82000.0,78000.0,12.967828418230564
554,31.0,50000.0,48000.0,12.967828418230564
555,29.0,78000.0,75000.0,12.967828418230564
556,39.0,60000.0,,32.0
557,35.0,75000.0,70000.0,12.967828418230564
558,38.0,130000.0,,12.967828418230564
559,31.0,115000.0,81000.0,0.0
560,32.0,65000.0,62000.0,12.967828418230564
561,35.0,75000.0,75000.0,12.967828418230564
562,28.0,36000.0,28000.0,0.0
563,30.0,76000.0,63000.0,12.967828418230564
564,30.0,90000.0,75000.0,12.967828418230564
565,26.0,54000.0,31000.0,12.967828418230564
566,25.0,65000.0,58000.0,0.0
567,30.0,30000.0,,12.967828418230564
568,27.0,66000.0,61200.0,12.967828418230564
569,28.0,60000.0,,0.0
570,22.0,63000.0,,12.967828418230564
571,37.0,62000.0,58000.0,0.0
572,25.0,51000.0,,12.967828418230564
573,33.0,154000.0,110000.0,35.0
574,38.0,200000.0,80000.0,12.967828418230564
575,31.0,78000.0,76000.0,12.967828418230564
576,24.0,300000.0,,10.0
577,28.0,78000.0,,12.967828418230564
578,25.0,57000.0,,0.0
579,26.0,45000.0,45000.0,12.967828418230564
580,29.0,43000.0,43000.0,12.967828418230564
581,22.0,39000.0,39000.0,0.0
582,30.0,73000.0,70000.0,32.0
583,30.0,74000.0,72000.0,12.967828418230564
584,28.0,86000.0,75000.0,12.967828418230564
585,29.0,74000.0,,12.967828418230564
586,32.0,55000.0,,12.967828418230564
587,36.0,40000.0,37000.0,12.967828418230564
588,32.0,85000.0,85000.0,12.967828418230564
589,30.0,56000.0,55000.0,12.967828418230564
590,29.0,70000.0,70000.0,12.967828418230564
591,32.0,68000.0,62000.0,12.967828418230564
592,34.0,70000.0,65000.0,40.0
593,30.0,72000.0,65000.0,12.967828418230564
594,40.0,80000.0,65000.0,12.967828418230564
595,35.0,77000.0,77000.0,12.967828418230564
596,31.0,77000.0,72000.0,12.967828418230564
597,38.0,56000.0,56000.0,0.0
598,39.0,80000.0,80000.0,12.967828418230564
599,35.0,90000.0,82000.0,12.967828418230564
600,30.0,54000.0,,12.967828418230564
601,29.0,20000.0,,12.967828418230564
602,36.0,98000.0,98000.0,32.0
603,41.0,93000.0,88000.0,40.0
604,41.0,100000.0,80000.0,12.967828418230564
605,28.0,70000.0,,12.967828418230564
606,33.0,75000.0,70000.0,36.0
607,31.0,63000.0,50400.0,12.967828418230564
608,29.0,70000.0,,12.967828418230564
609,23.0,80000.0,,12.967828418230564
610,25.0,75000.0,,0.0
611,34.0,85000.0,73000.0,12.967828418230564
612,45.0,55000.0,55000.0,26.0
613,37.0,78000.0,78000.0,0.0
614,31.0,99000.0,89000.0,12.967828418230564
615,32.0,90000.0,90000.0,0.0
616,45.0,52000.0,52000.0,2.0
617,42.0,36000.0,,12.967828418230564
618,23.0,45000.0,,12.967828418230564
619,36.0,75000.0,73500.0,12.967828418230564
620,40.0,85000.0,80000.0,0.0
621,28.0,95000.0,,12.967828418230564
622,35.0,63000.0,63000.0,0.0
623,37.0,102000.0,78000.0,12.967828418230564
624,33.0,95000.0,75000.0,32.0
625,33.0,78600.0,78600.0,32.0
626,31.0,70000.0,,12.967828418230564
627,31.0,67000.0,50000.0,0.0
628,28.0,42000.0,42000.0,12.967828418230564
629,31.0,53000.0,53000.0,0.0
630,40.0,250000.0,230000.0,12.967828418230564
631,25.0,53000.0,48000.0,12.967828418230564
632,35.0,77000.0,70000.0,12.967828418230564
633,35.0,80000.0,67000.0,24.0
634,41.0,58800.0,56400.0,12.967828418230564
635,33.0,75000.0,72500.0,0.0
636,33.0,85000.0,75000.0,20.0
637,38.0,70000.0,70000.0,12.967828418230564
638,35.0,78000.0,78000.0,12.967828418230564
639,36.0,75000.0,75000.0,12.967828418230564
640,49.0,57000.0,57000.0,12.967828418230564
641,32.0,120000.0,90000.0,0.0
642,32.0,75000.0,75000.0,30.0
643,27.0,63000.0,42000.0,12.967828418230564
644,31.0,60000.0,,12.967828418230564
645,31.0,60000.0,60000.0,0.0
646,28.0,44000.0,44000.0,12.967828418230564
647,28.0,54500.0,52000.0,0.0
648,27.0,90000.0,97000.0,12.967828418230564
649,29.0,82500.0,65000.0,12.967828418230564
650,32.0,75000.0,70000.0,12.967828418230564
651,28.0,60000.0,58000.0,12.967828418230564
652,34.0,108000.0,90000.0,30.0
653,38.0,85000.0,85000.0,12.967828418230564
654,29.0,54000.0,45000.0,0.0
655,30.0,65000.0,60000.0,0.0
656,33.0,42000.0,,12.967828418230564
657,30.0,51000.0,,12.967828418230564
658,31.0,76000.0,760000.0,12.967828418230564
659,37.0,65000.0,55000.0,0.0
660,32.0,85000.0,80000.0,12.967828418230564
661,32.0,60000.0,,12.967828418230564
662,40.0,90000.0,75000.0,12.967828418230564
663,30.0,86000.0,82600.0,12.967828418230564
664,30.0,60000.0,60000.0,20.0
665,32.0,81000.0,81000.0,0.0
666,32.0,60000.0,70000.0,12.967828418230564
667,34.0,74000.0,69000.0,32.0
668,43.0,57600.0,57600.0,12.967828418230564
669,33.0,70000.0,64000.0,12.967828418230564
670,28.0,75000.0,64000.0,12.967828418230564
671,33.0,65000.0,,0.0
672,33.0,90000.0,75000.0,12.967828418230564
674,35.0,90000.0,85000.0,12.967828418230564
675,35.0,30000.0,,12.967828418230564
676,33.0,90000.0,,12.967828418230564
677,28.0,64000.0,,12.967828418230564
678,21.0,50000.0,,12.967828418230564
679,25.0,44000.0,43000.0,12.967828418230564
680,25.0,12000.0,12000.0,12.967828418230564
681,32.0,80000.0,68500.0,12.967828418230564
682,32.0,73000.0,65000.0,12.967828418230564
683,26.0,120000.0,95000.0,0.0
684,25.0,71750.0,66000.0,12.967828418230564
685,27.0,65000.0,52000.0,12.967828418230564
686,28.0,80000.0,76000.0,12.967828418230564
687,32.0,60000.0,,12.967828418230564
688,28.0,66000.0,66000.0,12.967828418230564
689,34.0,85000.0,,12.967828418230564
690,35.0,65000.0,65000.0,0.0
691,38.0,130000.0,130000.0,12.967828418230564
692,33.0,81900.0,,12.967828418230564
693,36.0,85000.0,80000.0,12.967828418230564
694,31.0,45000.0,39000.0,12.967828418230564
695,43.0,82000.0,82000.0,12.967828418230564
696,38.0,100000.0,80000.0,25.0
697,35.0,72000.0,72500.0,8.0
698,33.0,70000.0,,12.967828418230564
699,33.0,70000.0,,12.967828418230564
700,32.0,62000.0,,30.0
701,43.0,83000.0,75000.0,12.967828418230564
702,37.0,70000.0,,12.967828418230564
703,37.0,77000.0,71000.0,12.967828418230564
704,30.0,71000.0,69000.0,12.967828418230564
705,29.0,65000.0,58000.0,12.967828418230564
706,41.0,120000.0,92000.0,12.967828418230564
707,38.0,43000.0,43000.0,30.0
708,32.0,81000.0,,0.0
709,29.0,55000.0,,12.967828418230564
710,35.0,63000.0,56000.0,30.0
711,41.0,75000.0,73000.0,12.967828418230564
712,29.0,22000.0,11000.0,12.967828418230564
713,26.0,65000.0,46000.0,12.967828418230564
714,32.0,62000.0,,12.967828418230564
715,30.0,65000.0,,12.967828418230564
716,26.0,37000.0,,12.967828418230564
717,35.0,51000.0,47000.0,12.967828418230564
718,47.0,70000.0,,12.967828418230564
719,33.0,93000.0,,12.967828418230564
720,44.0,60000.0,,12.967828418230564
721,40.0,72000.0,72000.0,12.967828418230564
722,32.0,70000.0,65000.0,12.967828418230564
723,33.0,70000.0,60000.0,12.967828418230564
724,32.0,65000.0,,30.0
725,26.0,51000.0,46000.0,12.967828418230564
726,32.0,90000.0,80000.0,12.967828418230564
727,22.0,159000.0,98000.0,30.0
728,43.0,105000.0,105000.0,12.967828418230564
729,33.0,80000.0,,0.0
730,35.0,50000.0,50000.0,0.0
731,28.0,72000.0,62000.0,12.967828418230564
732,36.0,105000.0,,12.967828418230564
733,27.0,49000.0,,12.967828418230564
734,36.0,55000.0,55000.0,20.0
735,38.0,66000.0,60000.0,12.967828418230564
736,28.0,85000.0,,12.967828418230564
737,25.0,85000.0,,12.967828418230564
738,30.0,79000.0,77000.0,12.967828418230564
739,42.0,42000.0,32000.0,0.0
740,30.0,74000.0,72000.0,0.0
741,28.0,67000.0,62000.0,12.967828418230564
742,32.0,74000.0,65000.0,0.0
743,29.0,48000.0,,0.0
744,30.0,57760.0,,12.967828418230564
745,35.0,103000.0,92000.0,12.967828418230564
746,33.0,74000.0,66000.0,8.0
747,34.0,70000.0,,12.967828418230564
748,25.0,86000.0,80000.0,0.0
749,42.0,46000.0,46000.0,30.0
750,25.0,23000.0,,12.967828418230564
751,40.0,135000.0,65000.0,0.0
752,33.0,80000.0,,12.967828418230564
753,39.0,75000.0,75000.0,20.0
754,24.0,50000.0,35000.0,12.967828418230564
755,24.0,29000.0,23000.0,12.967828418230564
756,39.0,78000.0,78000.0,12.967828418230564
757,33.0,75000.0,56000.0,12.967828418230564
758,26.0,60000.0,,0.0
759,29.0,70000.0,,12.967828418230564
760,29.0,55000.0,47000.0,12.967828418230564
761,32.0,36000.0,26000.0,12.967828418230564
762,34.0,56000.0,56000.0,10.0
763,30.0,85000.0,80000.0,12.967828418230564
764,31.0,80000.0,65000.0,12.967828418230564
765,33.0,75000.0,75000.0,12.967828418230564
766,31.0,57000.0,54000.0,0.0
767,36.0,65000.0,65000.0,30.0
768,30.0,80000.0,,12.967828418230564
769,30.0,60000.0,,12.967828418230564
770,27.0,11000.0,,12.967828418230564
771,39.0,87000.0,82000.0,40.0
772,30.0,79000.0,,12.967828418230564
773,32.0,100000.0,,12.967828418230564
774,35.0,54000.0,,4.0
775,34.0,80000.0,76000.0,12.967828418230564
776,26.0,60000.0,60000.0,12.967828418230564
777,29.0,64000.0,,0.0
778,42.0,850000.0,75000.0,12.967828418230564
779,31.0,60000.0,55000.0,12.967828418230564
780,30.0,73000.0,,12.967828418230564
781,33.0,80000.0,70000.0,12.967828418230564
782,28.0,83000.0,75000.0,20.0
783,33.0,42000.0,39000.0,12.967828418230564
784,35.0,68000.0,60000.0,12.967828418230564
785,35.0,100000.0,100000.0,12.967828418230564
786,31.0,80000.0,,12.967828418230564
787,32.0,48000.0,,12.967828418230564
788,38.0,75000.0,73000.0,0.0
789,29.0,85000.0,,12.967828418230564
790,33.0,110000.0,,0.0
791,30.0,70000.0,70000.0,12.967828418230564
792,28.0,75000.0,60000.0,12.967828418230564
793,32.0,90000.0,85000.0,12.967828418230564
794,39.0,85000.0,,12.967828418230564
795,31.0,110000.0,90000.0,12.967828418230564
796,33.0,110000.0,110000.0,12.967828418230564
797,30.0,68000.0,66000.0,12.967828418230564
798,39.0,93000.0,93000.0,12.967828418230564
799,30.0,45000.0,,12.967828418230564
800,37.0,80000.0,65000.0,12.967828418230564
801,42.0,65000.0,63000.0,12.967828418230564
802,28.0,65000.0,58000.0,12.967828418230564
803,31.0,60000.0,57000.0,12.967828418230564
804,20.0,240000.0,,0.0
805,34.0,60000.0,36000.0,40.0
806,38.0,80000.0,75000.0,12.967828418230564
807,35.0,85000.0,75000.0,0.0
808,31.0,75000.0,,12.967828418230564
809,37.0,73000.0,67000.0,12.967828418230564
810,37.0,90000.0,84000.0,10.0
811,34.0,80000.0,67000.0,12.967828418230564
812,25.0,42000.0,,12.967828418230564
813,42.0,70000.0,,12.967828418230564
814,35.0,85000.0,64000.0,12.967828418230564
815,37.0,54000.0,54000.0,12.967828418230564
816,33.0,77000.0,70000.0,12.967828418230564
817,26.0,33000.0,27000.0,0.0
818,46.0,70000.0,68000.0,4.0
819,30.0,80000.0,75000.0,12.967828418230564
820,34.0,65000.0,65000.0,12.967828418230564
821,35.0,85000.0,85000.0,12.967828418230564
822,27.0,70000.0,,12.967828418230564
823,31.0,80000.0,85000.0,12.967828418230564
824,24.0,60000.0,60000.0,12.967828418230564
825,28.0,90000.0,75000.0,12.967828418230564
826,42.0,53000.0,,12.967828418230564
827,27.0,55000.0,,8.0
828,30.0,45000.0,45000.0,8.0
829,32.0,68000.0,,28.0
830,26.0,58000.0,,12.967828418230564
831,37.0,80000.0,75000.0,0.0
832,32.0,80000.0,80000.0,12.967828418230564
833,39.0,130000.0,125000.0,12.967828418230564
834,26.0,40000.0,33000.0,12.967828418230564
835,30.0,80000.0,70000.0,25.0
836,44.0,75000.0,73000.0,12.967828418230564
837,26.0,180000.0,190000.0,12.967828418230564
838,30.0,151872.0,,12.967828418230564
839,26.0,48000.0,42000.0,12.967828418230564
840,25.0,57000.0,,12.967828418230564
841,34.0,80000.0,,12.967828418230564
842,38.0,65000.0,60000.0,0.0
843,40.0,90000.0,75000.0,12.967828418230564
844,28.0,50000.0,50000.0,12.967828418230564
845,29.0,52000.0,,0.0
846,30.0,51000.0,46000.0,12.967828418230564
847,28.0,52800.0,47500.0,12.967828418230564
848,32.0,55000.0,,12.967828418230564
849,42.0,95000.0,,12.967828418230564
850,27.0,70000.0,,12.967828418230564
851,29.0,61500.0,53000.0,4.0
852,29.0,78000.0,78000.0,12.967828418230564
853,29.0,500000000.0,500000000.0,0.0
854,27.0,42000.0,42000.0,12.967828418230564
855,36.0,150000.0,120000.0,0.0
856,37.0,84000.0,84000.0,40.0
857,31.0,100000.0,,0.0
858,35.0,49000.0,48000.0,12.967828418230564
859,27.0,60000.0,,12.967828418230564
860,29.0,68000.0,,0.0
861,36.0,70000.0,60000.0,12.967828418230564
862,33.0,70000.0,70000.0,20.0
863,42.0,95000.0,,12.967828418230564
864,32.0,48000.0,,12.967828418230564
865,30.0,115000.0,100000.0,12.967828418230564
866,29.0,60000.0,,12.967828418230564
867,23.0,49000.0,,12.967828418230564
868,35.0,40000.0,38000.0,12.967828418230564
869,36.0,81500.0,78500.0,12.967828418230564
870,34.0,75000.0,65000.0,0.0
871,34.0,94000.0,92000.0,12.967828418230564
872,31.0,100000.0,86000.0,12.967828418230564
873,34.0,55000.0,,12.967828418230564
874,31.0,60000.0,,12.967828418230564
875,33.0,80000.0,,12.967828418230564
876,33.0,67000.0,63500.0,12.967828418230564
877,33.0,56000.0,,12.967828418230564
878,29.0,32000.0,,12.967828418230564
879,44.0,45000.0,,12.967828418230564
880,31.0,77000.0,60000.0,0.0
881,26.0,55000.0,,12.967828418230564
882,42.0,95000.0,,12.967828418230564
883,27.0,10001.0,,12.967828418230564
884,33.0,70000.0,,12.967828418230564
885,33.0,90000.0,104000.0,5.0
886,36.0,64000.0,60000.0,12.967828418230564
887,31.0,67473.0,63000.0,12.967828418230564
888,42.0,95000.0,,12.967828418230564
889,30.0,100000.0,100000.0,12.967828418230564
890,32.0,65000.0,55000.0,12.967828418230564
891,34.0,91000.0,91000.0,12.967828418230564
892,35.0,60000.0,60000.0,0.0
893,33.0,79000.0,75000.0,28.0
894,39.0,65000.0,58000.0,12.967828418230564
895,39.0,108000.0,102000.0,32.0
896,25.0,45000.0,12000.0,12.967828418230564
897,34.0,66000.0,66000.0,30.0
898,28.0,75000.0,,12.967828418230564
899,35.0,66500.0,,12.967828418230564
900,38.0,64000.0,64000.0,12.967828418230564
901,34.0,105000.0,70000.0,12.967828418230564
902,36.0,83000.0,81000.0,12.967828418230564
903,30.0,52000.0,52000.0,12.967828418230564
904,32.0,62000.0,57000.0,12.967828418230564
905,27.0,74000.0,70000.0,12.967828418230564
906,27.0,56700.0,,28.0
907,33.0,54000.0,,20.0
908,29.0,72000.0,,12.967828418230564
909,30.0,85000.0,83200.0,12.967828418230564
910,25.0,65000.0,,12.967828418230564
911,38.0,92000.0,85000.0,12.967828418230564
912,30.0,54000.0,,12.967828418230564
913,24.0,90000.0,,12.967828418230564
914,34.0,100000.0,80000.0,12.967828418230564
915,29.0,77250.0,65000.0,12.967828418230564
916,27.0,57000.0,,12.967828418230564
917,36.0,60000.0,60000.0,0.0
918,43.0,70000.0,70000.0,12.967828418230564
919,32.0,80000.0,,12.967828418230564
920,28.0,48000.0,,40.0
921,36.0,74000.0,74000.0,0.0
922,38.0,70000.0,70000.0,0.0
923,27.0,55000.0,,12.967828418230564
924,26.0,25000.0,25000.0,12.967828418230564
925,26.0,48000.0,43000.0,12.967828418230564
926,34.0,90000.0,70000.0,12.967828418230564
927,25.0,58000.0,,12.967828418230564
928,30.0,65000.0,47000.0,12.967828418230564
929,35.0,50400.0,50400.0,40.0
930,30.0,68500.0,,12.967828418230564
931,26.0,69000.0,60000.0,12.967828418230564
932,30.0,48000.0,45600.0,12.967828418230564
933,33.0,58000.0,53000.0,0.0
934,26.0,70000.0,64000.0,40.0
935,29.0,57000.0,,12.967828418230564
936,36.0,106000.0,,24.0
937,23.0,49200.0,44500.0,12.967828418230564
938,45.0,42000.0,,12.967828418230564
939,41.0,50000.0,45000.0,12.967828418230564
940,28.0,43000.0,42000.0,12.967828418230564
941,35.0,77000.0,65000.0,30.0
942,37.0,67000.0,,12.967828418230564
943,26.0,21000.0,19000.0,12.967828418230564
944,30.0,40000.0,40000.0,12.967828418230564
945,24.0,64000.0,40000.0,12.967828418230564
946,35.0,90000.0,88000.0,0.0
947,27.0,25300.0,25300.0,0.0
948,31.0,80000.0,78000.0,12.967828418230564
949,27.0,85600.0,75000.0,0.0
950,29.0,55200.0,50000.0,12.967828418230564
951,29.0,92000.0,75000.0,12.967828418230564
952,34.0,96000.0,85000.0,0.0
953,29.0,60000.0,,8.0
954,35.0,85000.0,80000.0,0.0
956,31.0,90000.0,80000.0,12.967828418230564
957,30.0,55000.0,,12.967828418230564
958,36.0,172000.0,169000.0,12.967828418230564
959,24.0,14400.0,,0.0
960,28.0,25000.0,25000.0,10.0
961,32.0,105000.0,85000.0,12.967828418230564
962,36.0,63000.0,55000.0,12.967828418230564
963,26.0,72000.0,60000.0,12.967828418230564
964,36.0,65000.0,58040.0,12.967828418230564
965,33.0,83000.0,73000.0,32.0
966,35.0,200000.0,200000.0,12.967828418230564
967,29.0,115000.0,,12.967828418230564
968,36.0,58000.0,55000.0,12.967828418230564
969,35.0,50000.0,42000.0,12.967828418230564
970,29.0,75000.0,75000.0,32.0
971,29.0,140000.0,140000.0,12.967828418230564
972,32.0,80000.0,70000.0,12.967828418230564
973,23.0,54179.13,,0.0
974,32.0,65000.0,,12.967828418230564
975,30.0,49000.0,39000.0,40.0
976,30.0,50000.0,45000.0,36.0
977,30.0,59000.0,54000.0,12.967828418230564
978,30.0,52500.0,52500.0,16.0
979,48.0,30000.0,,12.967828418230564
980,31.0,83000.0,75000.0,12.967828418230564
981,38.0,59000.0,,12.967828418230564
982,22.0,10001.0,,0.0
983,28.0,50000.0,30000.0,12.967828418230564
984,29.0,75000.0,75000.0,20.0
985,34.0,54000.0,54000.0,20.0
986,27.0,58000.0,,0.0
987,34.0,70000.0,55000.0,0.0
988,28.0,48000.0,,20.0
989,40.0,88000.0,87000.0,0.0
990,29.0,57750.0,55000.0,12.967828418230564
991,27.0,45000.0,45000.0,0.0
992,35.0,75000.0,,0.0
993,29.0,113000.0,,12.967828418230564
994,38.0,74000.0,71000.0,12.967828418230564
995,32.0,82000.0,75000.0,12.967828418230564
996,37.0,82000.0,79000.0,12.967828418230564
997,29.0,64800.0,58800.0,12.967828418230564
998,32.0,70000.0,,0.0
999,40.0,72000.0,70000.0,12.967828418230564
1000,39.0,82000.0,80000.0,12.967828418230564
1001,32.0,80000.0,80000.0,12.967828418230564
1002,26.0,65000.0,,12.967828418230564
1003,30.0,77000.0,74000.0,12.967828418230564
1004,32.0,80000.0,75000.0,0.0
1005,32.0,65000.0,,12.967828418230564
1006,31.0,59064.0,,40.0
1007,30.0,90000.0,,12.967828418230564
1008,30.0,150000.0,,12.967828418230564
1009,30.0,70000.0,,12.967828418230564
1010,25.0,53500.0,50000.0,32.0
1011,30.0,90000.0,81000.0,12.967828418230564
1012,26.0,75000.0,,12.967828418230564
1013,32.0,65000.0,62000.0,12.967828418230564
1014,32.0,60000.0,,12.967828418230564
1015,39.0,62400.0,60000.0,0.0
1016,31.0,62000.0,60000.0,12.967828418230564
1017,35.0,30000.0,,12.967828418230564
1018,38.0,90000.0,90000.0,12.967828418230564
1019,22.0,35000.0,30000.0,12.967828418230564
1020,32.0,62000.0,62000.0,12.0
1021,30.0,60000.0,51000.0,12.967828418230564
1022,34.0,65600.0,67000.0,12.967828418230564
1023,36.0,80000.0,75000.0,12.967828418230564
1024,26.0,32000.0,,12.967828418230564
1025,28.0,53000.0,43000.0,12.967828418230564
1026,25.0,65000.0,,0.0
1027,28.0,78000.0,78000.0,12.967828418230564
1028,26.0,55500.0,,32.0
1029,35.0,100000.0,90000.0,12.967828418230564
1030,25.0,38000.0,,12.967828418230564
1031,23.0,36000.0,36000.0,12.967828418230564
1032,28.0,65000.0,65000.0,12.967828418230564
1033,36.0,100000.0,85000.0,12.967828418230564
1034,41.0,36000.0,,12.967828418230564
1035,30.0,60000.0,55000.0,12.967828418230564
1036,30.0,60000.0,55000.0,12.967828418230564
1037,28.0,100000.0,140000.0,12.967828418230564
1038,29.0,66000.0,60000.0,12.967828418230564
1039,32.0,73000.0,,12.967828418230564
1040,26.0,64000.0,55000.0,12.967828418230564
1041,26.0,55000.0,45000.0,12.967828418230564
1042,31.0,74000.0,68000.0,12.967828418230564
1043,34.0,60000.0,60000.0,5.0
1044,34.0,67500.0,,30.0
1045,36.0,90000.0,80000.0,12.967828418230564
1046,36.0,124000.0,,12.967828418230564
1047,40.0,65000.0,57000.0,12.967828418230564
1048,31.0,75000.0,75000.0,12.967828418230564
1049,28.0,57000.0,,0.0
1050,28.0,57000.0,,0.0
1051,36.0,120000.0,120000.0,12.967828418230564
1052,22.0,24000.0,,32.0
1053,26.0,60000.0,,12.967828418230564
1054,30.0,58000.0,55000.0,12.967828418230564
1055,35.0,75000.0,74000.0,12.967828418230564
1056,30.0,71000.0,65000.0,0.0
1057,36.0,52500.0,,12.967828418230564
1058,35.0,85000.0,85000.0,12.967828418230564
1059,28.0,50000.0,50000.0,0.0
1060,42.0,66000.0,65000.0,12.967828418230564
1061,34.0,95000.0,90000.0,12.967828418230564
1062,27.0,50000.0,,0.0
1063,32.0,70000.0,,12.967828418230564
1064,36.0,87000.0,77000.0,12.967828418230564
1065,31.0,68000.0,64000.0,0.0
1066,32.0,54000.0,47000.0,12.967828418230564
1067,32.0,83000.0,80000.0,12.967828418230564
1068,36.0,110000.0,65000.0,0.0
1069,26.0,93000.0,80000.0,12.967828418230564
1070,28.0,73700.0,67000.0,0.0
1071,34.0,85000.0,62500.0,12.967828418230564
1072,38.0,87550.0,85000.0,12.967828418230564
1073,37.0,80000.0,75000.0,12.967828418230564
1074,31.0,65000.0,65000.0,30.0
1075,38.0,40700.0,20000.0,12.967828418230564
1076,24.0,48000.0,36000.0,0.0
1077,25.0,60000.0,48000.0,12.967828418230564
1078,33.0,47745.0,47745.0,0.0
1079,39.0,60000.0,60000.0,12.967828418230564
1080,25.0,43500.0,,12.967828418230564
1081,30.0,60000.0,55000.0,0.0
1082,45.0,90000.0,90000.0,12.967828418230564
1083,28.0,60000.0,,12.967828418230564
1084,45.0,90000.0,88000.0,12.967828418230564
1085,37.0,120000.0,120000.0,12.967828418230564
1086,35.0,98000.0,90000.0,12.967828418230564
1087,25.0,51000.0,,12.967828418230564
1088,31.0,69000.0,65000.0,12.967828418230564
1089,31.0,57000.0,,12.967828418230564
1090,25.0,49850.0,36000.0,12.967828418230564
1091,27.0,50000.0,,12.967828418230564
1092,37.0,65000.0,65000.0,12.967828418230564
1093,27.0,73000.0,65000.0,12.967828418230564
1094,32.0,37500.0,34000.0,12.967828418230564
1095,28.0,65000.0,65000.0,12.967828418230564
1096,35.0,42000.0,42000.0,12.967828418230564
1097,36.0,85000.0,80000.0,12.967828418230564
1098,32.0,70000.0,65000.0,12.967828418230564
1099,22.0,45000.0,37000.0,30.0
1100,33.0,100000.0,65000.0,12.967828418230564
1101,35.0,68000.0,68000.0,20.0
1102,32.0,50400.0,50400.0,40.0
1104,28.0,55000.0,,12.967828418230564
1105,30.0,55000.0,55000.0,12.967828418230564
1106,40.0,90000.0,84000.0,32.0
1107,27.0,75000.0,60000.0,12.967828418230564
1108,32.0,80000.0,72000.0,12.967828418230564
1109,33.0,61000.0,58000.0,40.0
1110,31.0,50000.0,45000.0,40.0
1111,30.0,69000.0,63000.0,12.967828418230564
1112,32.0,75000.0,75000.0,12.967828418230564
1113,32.0,95000.0,,12.967828418230564
1114,25.0,70000.0,,12.967828418230564
1115,34.0,74000.0,72000.0,12.967828418230564
1116,29.0,65000.0,55000.0,12.967828418230564
1117,29.0,65000.0,55000.0,12.967828418230564
1118,30.0,85000.0,75000.0,0.0
1119,31.0,110000.0,,12.967828418230564
1120,24.0,77000.0,,12.967828418230564
1121,35.0,60000.0,60000.0,12.967828418230564
1122,31.0,60000.0,,12.967828418230564
1123,27.0,68000.0,60000.0,12.967828418230564
1124,38.0,45500.0,40000.0,12.967828418230564
1125,34.0,72000.0,72000.0,12.967828418230564
1126,35.0,67000.0,60000.0,12.967828418230564
1127,35.0,85000.0,68000.0,12.967828418230564
1128,36.0,75000.0,,12.967828418230564
1129,33.0,70000.0,,12.967828418230564
1130,29.0,82000.0,78000.0,32.0
1131,35.0,85000.0,80000.0,12.967828418230564
1132,30.0,70000.0,,12.967828418230564
1133,31.0,60000.0,70000.0,12.967828418230564
1134,25.0,45000.0,,37.5
1135,24.0,11500.0,,12.967828418230564
1136,34.0,84000.0,72000.0,12.967828418230564
1137,42.0,80000.0,65000.0,0.0
1138,37.0,46000.0,45000.0,12.967828418230564
1139,32.0,75000.0,70000.0,12.967828418230564
1140,26.0,40000.0,15000.0,12.967828418230564
1141,35.0,100000.0,60000.0,12.967828418230564
1142,43.0,115000.0,115000.0,12.967828418230564
1143,41.0,99000.0,99000.0,12.967828418230564
1144,33.0,90000.0,85000.0,12.967828418230564
1145,44.0,72000.0,72000.0,30.0
1146,28.0,54000.0,52000.0,12.967828418230564
1147,34.0,45000.0,45000.0,35.0
1148,32.0,65000.0,60000.0,0.0
1149,40.0,80000.0,,12.967828418230564
1150,28.0,45000.0,45000.0,0.0
1151,26.0,60000.0,37500.0,12.967828418230564
1152,39.0,75000.0,65000.0,12.967828418230564
1153,32.0,92000.0,90000.0,30.0
1154,36.0,90000.0,,0.0
1155,27.0,17500.0,16000.0,12.967828418230564
1156,32.0,63000.0,50000.0,12.967828418230564
1157,25.0,65000.0,,12.967828418230564
1158,37.0,75000.0,,0.0
1160,30.0,60000.0,60000.0,30.0
1161,30.0,70000.0,,12.967828418230564
1162,30.0,70000.0,,12.967828418230564
1163,27.0,70000.0,67000.0,0.0
1164,29.0,70000.0,,12.967828418230564
1165,24.0,70000.0,,12.967828418230564
1166,27.0,40000.0,34000.0,12.967828418230564
1167,28.0,62000.0,63000.0,12.967828418230564
1168,40.0,57000.0,,12.967828418230564
1169,32.0,90000.0,87000.0,12.967828418230564
1170,35.0,60000.0,50000.0,8.0
1171,32.0,72500.0,70000.0,12.967828418230564
1172,30.0,75000.0,,12.967828418230564
1173,30.0,85000.0,82000.0,0.0
1174,36.0,62500.0,59500.0,32.0
1175,33.0,65900.0,,12.967828418230564
1176,33.0,85000.0,80000.0,0.0
1177,32.0,95000.0,79000.0,12.967828418230564
1178,31.0,77500.0,54000.0,12.967828418230564
1179,34.0,75000.0,72000.0,12.967828418230564
1180,32.0,30000.0,,12.967828418230564
1181,32.0,111111.0,,12.967828418230564
1183,28.0,30000.0,30000.0,12.967828418230564
1184,28.0,64000.0,60000.0,12.967828418230564
1185,29.0,51000.0,,12.967828418230564
1186,38.0,110000.0,110000.0,12.967828418230564
1187,33.0,107000.0,,12.967828418230564
1188,36.0,100000.0,,12.967828418230564
1189,36.0,70000.0,67000.0,12.967828418230564
1190,37.0,70000.0,,12.967828418230564
1191,36.0,68000.0,68000.0,12.967828418230564
1192,35.0,46000.0,,0.0
1193,33.0,100000.0,90000.0,12.967828418230564
1194,33.0,70200.0,70200.0,12.967828418230564
1195,31.0,75000.0,,30.0
1196,36.0,75000.0,75000.0,0.0
1197,31.0,85000.0,82000.0,24.0
1198,36.0,66000.0,58000.0,12.967828418230564
1199,37.0,90000.0,85000.0,40.0
1200,30.0,58000.0,42000.0,12.967828418230564
1201,30.0,90000.0,80000.0,12.967828418230564
1202,27.0,35000.0,35000.0,12.967828418230564
1203,33.0,47500.0,47500.0,12.967828418230564
1204,35.0,65000.0,60000.0,0.0
1205,26.0,72000.0,65000.0,0.0
1206,29.0,73000.0,73000.0,32.0
1207,31.0,50000.0,50000.0,12.967828418230564
1208,36.0,72000.0,,0.0
1209,24.0,16320.0,,12.967828418230564
1210,36.0,68000.0,65000.0,12.967828418230564
1211,29.0,70000.0,60000.0,12.967828418230564
1212,30.0,57600.0,51200.0,0.0
1213,30.0,68000.0,65000.0,12.967828418230564
1214,29.0,75000.0,70000.0,28.0
1215,34.0,95000.0,92000.0,12.967828418230564
1216,30.0,82000.0,73000.0,28.0
1217,34.0,90000.0,70000.0,12.967828418230564
1218,27.0,52000.0,52000.0,0.0
1219,26.0,65000.0,,12.967828418230564
1220,35.0,100000.0,85000.0,12.967828418230564
1221,44.0,95000.0,95000.0,12.967828418230564
1222,34.0,55000.0,53000.0,20.0
1223,45.0,200000.0,200000.0,12.967828418230564
1224,31.0,85000.0,80000.0,12.967828418230564
1225,24.0,68250.0,65000.0,12.967828418230564
1226,27.0,63000.0,,12.967828418230564
1227,34.0,63000.0,58000.0,32.0
1228,28.0,63000.0,63000.0,0.0
1229,25.0,65000.0,,0.0
1230,35.0,75000.0,75000.0,12.967828418230564
1231,32.0,70000.0,,12.967828418230564
1233,33.0,60000.0,55000.0,0.0
1234,26.0,20000.0,,12.967828418230564
1235,26.0,20000.0,,12.967828418230564
1236,39.0,76000.0,65000.0,0.0
1237,37.0,84700.0,83000.0,0.0
1238,27.0,52000.0,,12.967828418230564
1239,38.0,95000.0,95000.0,12.967828418230564
1240,31.0,50500.0,49000.0,12.967828418230564
1241,30.0,68000.0,68000.0,12.967828418230564
1242,32.0,130000.0,125000.0,0.0
1243,32.0,55000.0,,12.967828418230564
1244,32.0,95000.0,80000.0,12.967828418230564
1245,28.0,55000.0,55000.0,12.967828418230564
1246,38.0,90000.0,90000.0,12.967828418230564
1247,34.0,108500.0,90000.0,12.967828418230564
1248,31.0,70000.0,70000.0,12.967828418230564
1249,33.0,60000.0,48000.0,12.967828418230564
1250,39.0,110000.0,90000.0,12.967828418230564
1251,26.0,38350.0,33800.0,12.967828418230564
1252,26.0,65000.0,40000.0,30.0
